timestamp,measured_supply_C,persistence_C,source_ridge_C,local_history_ridge_C
2018-04-02 00:00:00+00:00,103.31,97.75,93.16265823372734,99.99513652902107
2018-04-02 01:00:00+00:00,103.5,98.37,93.06220728642447,99.63441005477479
2018-04-02 02:00:00+00:00,101.88,100.32,93.74271650293558,100.12005160225642
2018-04-02 03:00:00+00:00,100.48,101.06,93.63558045271225,100.03664238881257
2018-04-02 04:00:00+00:00,97.29,101.36,93.91321829244282,100.4474717411204
2018-04-02 05:00:00+00:00,96.48,101.78,94.14797399113019,100.5293146323012
2018-04-02 06:00:00+00:00,95.01,103.31,94.99140962122685,101.42997478581555
2018-04-02 07:00:00+00:00,98.85,103.5,94.74791472604906,100.79923684378896
2018-04-02 08:00:00+00:00,97.56,101.88,94.26548112591276,100.2613788679069
2018-04-02 09:00:00+00:00,98.39,100.48,93.64997751394961,99.10134447220977
2018-04-02 10:00:00+00:00,98.16,97.29,92.6531632336295,97.60605141618159
2018-04-02 11:00:00+00:00,97.96,96.48,93.48981267348597,98.0919425037238
2018-04-02 12:00:00+00:00,96.05,95.01,93.52766609743706,97.55723895100934
2018-04-02 13:00:00+00:00,96.13,98.85,94.95312917272301,99.21238739889684
2018-04-02 14:00:00+00:00,98.46,97.56,93.14875023777819,97.82990123860797
2018-04-02 15:00:00+00:00,98.35,98.39,93.63574834746268,99.08871110570726
2018-04-02 16:00:00+00:00,89.97,98.16,92.53600351891467,97.86576689333604
2018-04-02 17:00:00+00:00,93.76,97.96,92.40423759894186,97.95530742252583
2018-04-02 18:00:00+00:00,95.81,96.05,91.67617378518503,97.50039288844953
2018-04-02 19:00:00+00:00,95.82,96.13,92.7693475580891,98.78974266861184
2018-04-02 20:00:00+00:00,97.63,98.46,92.308158411055,98.19627492419046
2018-04-02 21:00:00+00:00,100.61,98.35,91.78342952630719,98.445806041257
2018-04-02 22:00:00+00:00,98.72,89.97,88.51540996167944,94.27275572215578
2018-04-02 23:00:00+00:00,99.09,93.76,91.59076597337034,97.70824874384805
2018-04-03 00:00:00+00:00,98.8,95.81,90.87742385026954,95.72399461177059
2018-04-03 01:00:00+00:00,97.64,95.82,91.46622515965615,96.64653545127828
2018-04-03 02:00:00+00:00,97.91,97.63,93.04959843484309,98.38975075897338
2018-04-03 03:00:00+00:00,99.43,100.61,93.76015791698873,98.96391715346144
2018-04-03 04:00:00+00:00,95.56,98.72,90.51336130327729,95.53115051780189
2018-04-03 05:00:00+00:00,93.89,99.09,92.59217758742425,97.79836919459983
2018-04-03 06:00:00+00:00,95.42,98.8,92.6940275838108,97.29928501021077
2018-04-03 07:00:00+00:00,95.91,97.64,92.06893019930503,96.3741804193001
2018-04-03 08:00:00+00:00,96.43,97.91,92.72054834361836,97.4590331455387
2018-04-03 09:00:00+00:00,94.01,99.43,93.67990692912349,98.62201615037691
2018-04-03 10:00:00+00:00,93.93,95.56,91.09164408607538,95.33787146391639
2018-04-03 11:00:00+00:00,94.04,93.89,91.7491920691715,96.35642640274605
2018-04-03 12:00:00+00:00,93.85,95.42,92.64941666447643,96.59150868328362
2018-04-03 13:00:00+00:00,93.66,95.91,91.84326360434451,95.33240594722065
2018-04-03 14:00:00+00:00,94.83,96.43,91.89831450807533,96.38470369526854
2018-04-03 15:00:00+00:00,96.35,94.01,91.52556999751559,96.18458696850702
2018-04-03 16:00:00+00:00,91.94,93.93,90.76354475137954,95.12821520314071
2018-04-03 17:00:00+00:00,89.4,94.04,90.2525888323468,94.4364402118341
2018-04-03 18:00:00+00:00,88.79,93.85,90.74260231586646,95.24039953856506
2018-04-03 19:00:00+00:00,87.5,93.66,90.67426737986237,95.4264890083054
2018-04-03 20:00:00+00:00,87.36,94.83,90.70306134090866,95.51780908198212
2018-04-03 21:00:00+00:00,87.78,96.35,90.15851406536143,95.47138114466809
2018-04-03 22:00:00+00:00,86.68,91.94,88.33542156736934,93.44082140090524
2018-04-03 23:00:00+00:00,86.42,89.4,88.36728435338982,92.96304845770958
2018-04-04 00:00:00+00:00,89.68,88.79,88.52965955809063,91.83141155919338
2018-04-04 01:00:00+00:00,90.38,87.5,88.1730433194052,90.97307441153592
2018-04-04 02:00:00+00:00,91.08,87.36,88.63261968412873,91.23221955362652
2018-04-04 03:00:00+00:00,89.78,87.78,88.89524609986896,91.30506501984429
2018-04-04 04:00:00+00:00,88.24,86.68,87.03314557949413,89.35594957541804
2018-04-04 05:00:00+00:00,88.38,86.42,86.77626278451764,89.2077113643194
2018-04-04 06:00:00+00:00,88.43,89.68,88.0829891800241,90.71872264788907
2018-04-04 07:00:00+00:00,89.41,90.38,87.11284698891681,89.43833514882286
2018-04-04 08:00:00+00:00,89.93,91.08,87.09018917831995,90.17547421505307
2018-04-04 09:00:00+00:00,87.64,89.78,86.38858480082395,89.50752638847587
2018-04-04 10:00:00+00:00,86.07,88.24,86.42325301880597,89.63320259036686
2018-04-04 11:00:00+00:00,84.9,88.38,86.92713995329105,89.27244382575853
2018-04-04 12:00:00+00:00,86.54,88.43,87.77491609827254,89.7372426557183
2018-04-04 13:00:00+00:00,87.36,89.41,88.09981923357554,90.17557397534395
2018-04-04 14:00:00+00:00,87.64,89.93,88.14620213313404,90.85283364951265
2018-04-04 15:00:00+00:00,86.23,87.64,86.82731842488052,89.31381854380437
2018-04-04 16:00:00+00:00,86.05,86.07,86.44731195468765,88.77433458180911
2018-04-04 17:00:00+00:00,87.21,84.9,86.20865412244714,88.38920831800458
2018-04-04 18:00:00+00:00,88.47,86.54,86.91418051704616,90.05254233216581
2018-04-04 19:00:00+00:00,88.99,87.36,86.50102657639249,89.86465046447641
2018-04-04 20:00:00+00:00,88.39,87.64,86.33222253491219,90.41685347021254
2018-04-04 21:00:00+00:00,87.63,86.23,85.12428325029694,89.53804578281537
2018-04-04 22:00:00+00:00,86.67,86.05,85.1725385014422,89.69553640169788
2018-04-04 23:00:00+00:00,85.66,87.21,85.49664652079518,89.58452748953384
2018-04-05 00:00:00+00:00,89.68,88.47,86.53755016959737,90.42050751732484
2018-04-05 01:00:00+00:00,93.43,88.99,87.2076482274225,90.87305720312057
2018-04-05 02:00:00+00:00,92.79,88.39,87.17588649865723,90.50438486672209
2018-04-05 03:00:00+00:00,91.47,87.63,86.45623691378964,89.12679526529185
2018-04-05 04:00:00+00:00,89.47,86.67,85.8616079304214,88.38145439107828
2018-04-05 05:00:00+00:00,87.84,85.66,86.00821633159701,88.28316819800872
2018-04-05 06:00:00+00:00,87.15,89.68,87.5765814468788,89.72177312984374
2018-04-05 07:00:00+00:00,87.49,93.43,87.91099818007902,90.30246684065987
2018-04-05 08:00:00+00:00,86.95,92.79,86.66757452861796,89.430256030329
2018-04-05 09:00:00+00:00,88.55,91.47,86.74583852081221,90.34601547193606
2018-04-05 10:00:00+00:00,92.43,89.47,86.54230383827478,89.47802899030181
2018-04-05 11:00:00+00:00,94.66,87.84,86.30365959421616,88.08934937999868
2018-04-05 12:00:00+00:00,96.63,87.15,87.805223304819,90.28192561691398
2018-04-05 13:00:00+00:00,95.58,87.49,88.68004679265928,91.2498483755029
2018-04-05 14:00:00+00:00,94.12,86.95,87.72818261477398,91.23792087507688
2018-04-05 15:00:00+00:00,95.92,88.55,87.9416002294619,92.16423532247428
2018-04-05 16:00:00+00:00,99.49,92.43,89.03223512461906,94.16994302662283
2018-04-05 17:00:00+00:00,98.03,94.66,88.70185554650656,94.0703209709078
2018-04-05 18:00:00+00:00,98.07,96.63,88.75753100873227,94.68282187403211
2018-04-05 19:00:00+00:00,97.99,95.58,88.86356257717964,95.81190020853838
2018-04-05 20:00:00+00:00,98.01,94.12,89.37139571462214,95.59576319006477
2018-04-05 21:00:00+00:00,97.96,95.92,90.79408471587838,96.91749971590679
2018-04-05 22:00:00+00:00,99.58,99.49,92.54506522529508,99.0723050382361
2018-04-05 23:00:00+00:00,98.99,98.03,91.46317690660855,97.98959323677963
2018-04-06 00:00:00+00:00,94.55,98.07,92.46122093874149,99.41178360618653
2018-04-06 01:00:00+00:00,95.92,97.99,92.3966324899037,98.02379647023999
2018-04-06 02:00:00+00:00,96.76,98.01,92.37648423344845,97.5396177421942
2018-04-06 03:00:00+00:00,97.52,97.96,92.83644234089799,97.51615967048444
2018-04-06 04:00:00+00:00,95.23,99.58,93.88577285760421,98.72947432154346
2018-04-06 05:00:00+00:00,91.66,98.99,92.63789884635709,97.4306248705722
2018-04-06 06:00:00+00:00,89.83,94.55,91.05392847795952,95.28619863489037
2018-04-06 07:00:00+00:00,90.11,95.92,92.19616672092519,96.39590600667576
2018-04-06 08:00:00+00:00,89.41,96.76,91.58037452826895,95.4288738318905
2018-04-06 09:00:00+00:00,86.56,97.52,91.1043907844092,95.37870980211198
2018-04-06 10:00:00+00:00,85.54,95.23,90.61611708155733,94.8731890196011
2018-04-06 11:00:00+00:00,86.77,91.66,90.04198649535488,92.91295046680011
2018-04-06 12:00:00+00:00,86.34,89.83,89.36801007454433,90.91370536087275
2018-04-06 13:00:00+00:00,83.1,90.11,89.68496481566278,90.51696254027392
2018-04-06 14:00:00+00:00,84.43,89.41,88.80816109679007,90.11084876056097
2018-04-06 15:00:00+00:00,85.52,86.56,87.05442959211636,88.40608042821727
2018-04-06 16:00:00+00:00,85.65,85.54,85.77938309640645,87.2126668364403
2018-04-06 17:00:00+00:00,86.15,86.77,85.59534680779302,87.4932250586441
2018-04-06 18:00:00+00:00,84.71,86.34,85.23178032035769,87.39442358090761
2018-04-06 19:00:00+00:00,85.8,83.1,84.93701283104406,88.05953630275035
2018-04-06 20:00:00+00:00,87.79,84.43,85.9013594618628,88.80754756295718
2018-04-06 21:00:00+00:00,90.65,85.52,84.84782405132161,87.89793171327175
2018-04-06 22:00:00+00:00,90.52,85.65,84.38547713593049,87.86851138567216
2018-04-06 23:00:00+00:00,92.46,86.15,85.79094104950185,90.25092319113445
2018-04-07 00:00:00+00:00,88.25,84.71,85.44695332424013,89.17994786052539
2018-04-07 01:00:00+00:00,94.49,85.8,85.73795527092807,89.03117704980977
2018-04-07 02:00:00+00:00,94.45,87.79,87.23636211665513,90.82528441341336
2018-04-07 03:00:00+00:00,90.98,90.65,88.09382223676896,91.01150380467182
2018-04-07 04:00:00+00:00,88.2,90.52,87.50746777321461,90.91901008666345
2018-04-07 05:00:00+00:00,86.19,92.46,88.54919843579619,91.77176121345776
2018-04-07 06:00:00+00:00,85.7,88.25,86.01908144391189,88.44666367176416
2018-04-07 07:00:00+00:00,85.18,94.49,89.3355674961899,92.04482782967456
2018-04-07 08:00:00+00:00,83.87,94.45,87.95328941239751,89.83829031164257
2018-04-07 09:00:00+00:00,84.45,90.98,87.71508051332518,90.72047884600384
2018-04-07 10:00:00+00:00,84.1,88.2,87.30025357316444,89.63728883334738
2018-04-07 11:00:00+00:00,82.37,86.19,87.29649387966448,88.60636357941476
2018-04-07 12:00:00+00:00,83.37,85.7,86.0335287328484,86.39190383699588
2018-04-07 13:00:00+00:00,83.98,85.18,87.4185581871248,88.05902527655961
2018-04-07 14:00:00+00:00,83.2,83.87,86.32582676203033,86.69341179519463
2018-04-07 15:00:00+00:00,83.05,84.45,85.53790110675429,86.09409445599525
2018-04-07 16:00:00+00:00,83.73,84.1,84.55710481580797,85.23410601419269
2018-04-07 17:00:00+00:00,85.2,82.37,83.55458454749896,84.54297472288464
2018-04-07 18:00:00+00:00,86.16,83.37,84.0179247092184,85.18244221245406
2018-04-07 19:00:00+00:00,87.33,83.98,83.5661310038556,85.1438284216416
2018-04-07 20:00:00+00:00,88.05,83.2,82.69294275317756,84.77775353893936
2018-04-07 21:00:00+00:00,88.04,83.05,82.82430353061811,85.11330820720453
2018-04-07 22:00:00+00:00,87.28,83.73,83.13827514363292,85.61236600503138
2018-04-07 23:00:00+00:00,86.9,85.2,83.705831002428,86.2145140887821
2018-04-08 00:00:00+00:00,89.81,86.16,84.65197167441619,87.04731224139834
2018-04-08 01:00:00+00:00,90.62,87.33,85.48073842664736,87.82170223571951
2018-04-08 02:00:00+00:00,88.29,88.05,85.53227785138849,87.63491439438573
2018-04-08 03:00:00+00:00,85.79,88.04,85.70688827584168,87.61398553999211
2018-04-08 04:00:00+00:00,83.74,87.28,85.73855721236927,87.37404395858418
2018-04-08 05:00:00+00:00,81.59,86.9,86.05915289404521,87.51380944574734
2018-04-08 06:00:00+00:00,80.35,89.81,87.30273103762003,88.8919347150661
2018-04-08 07:00:00+00:00,82.24,90.62,86.71166022112422,87.88465805455887
2018-04-08 08:00:00+00:00,81.76,88.29,85.83302385068372,87.24064040468811
2018-04-08 09:00:00+00:00,82.28,85.79,85.35179756612646,86.58670859191072
2018-04-08 10:00:00+00:00,82.69,83.74,84.66781962525471,85.05291925058506
2018-04-08 11:00:00+00:00,82.62,81.59,84.14544990644353,83.5894525302612
2018-04-08 12:00:00+00:00,81.59,80.35,84.76811937396748,83.98380002764098
2018-04-08 13:00:00+00:00,80.73,82.24,85.38798400980063,84.61777507871628
2018-04-08 14:00:00+00:00,80.74,81.76,83.75557422646084,83.22112275823731
2018-04-08 15:00:00+00:00,81.12,82.28,83.2146767266681,83.237022373868
2018-04-08 16:00:00+00:00,82.38,82.69,82.58455067531361,82.90485280961971
2018-04-08 17:00:00+00:00,84.05,82.62,82.02294971424438,82.39391274732955
2018-04-08 18:00:00+00:00,84.81,81.59,81.6287432258731,82.01924810206413
2018-04-08 19:00:00+00:00,84.4,80.73,82.2808497727756,82.99039812932774
2018-04-08 20:00:00+00:00,83.43,80.74,82.34301505169074,83.20732199661258
2018-04-08 21:00:00+00:00,83.12,81.12,82.18118016092947,83.08600705993773
2018-04-08 22:00:00+00:00,83.7,82.38,82.51133829759218,84.07334699223348
2018-04-08 23:00:00+00:00,83.96,84.05,82.99122133589799,84.78371070422982
2018-04-09 00:00:00+00:00,83.71,84.81,83.13988082317081,84.9072015557314
2018-04-09 01:00:00+00:00,83.57,84.4,83.32559244636401,84.84855245629768
2018-04-09 02:00:00+00:00,83.43,83.43,83.5877043357899,84.6503151262889
2018-04-09 03:00:00+00:00,82.68,83.12,83.7719019246192,84.1855250768851
2018-04-09 04:00:00+00:00,82.33,83.7,84.22930763228963,84.43015842095379
2018-04-09 05:00:00+00:00,82.54,83.96,84.5784550951047,84.82132720179426
2018-04-09 06:00:00+00:00,82.82,83.71,84.27134928086447,84.3054100038501
2018-04-09 07:00:00+00:00,82.73,83.57,83.76163209000704,83.65360802897482
2018-04-09 08:00:00+00:00,81.88,83.43,83.44633381574478,83.48553908987166
2018-04-09 09:00:00+00:00,82.18,82.68,82.99941726088299,82.7097488862074
2018-04-09 10:00:00+00:00,82.34,82.33,83.34739245164221,82.81999402523707
2018-04-09 11:00:00+00:00,81.34,82.54,83.78308176368098,82.84664607453604
2018-04-09 12:00:00+00:00,80.15,82.82,83.89304361248654,82.56374121354598
2018-04-09 13:00:00+00:00,79.57,82.73,83.58181289655161,82.62934359575581
2018-04-09 14:00:00+00:00,78.61,81.88,83.23751266341402,82.2116780649674
2018-04-09 15:00:00+00:00,78.38,82.18,83.00761335859558,82.23273442249405
2018-04-09 16:00:00+00:00,80.69,82.34,82.76267607480406,82.32219677371619
2018-04-09 17:00:00+00:00,81.85,81.34,82.55165132860787,82.53905655513555
2018-04-09 18:00:00+00:00,82.58,80.15,82.33400430916659,82.32570233666374
2018-04-09 19:00:00+00:00,84.17,79.57,82.1179749505024,82.4418022222339
2018-04-09 20:00:00+00:00,84.1,78.61,81.13317149005152,81.46513196307279
2018-04-09 21:00:00+00:00,85.94,78.38,81.15243537759986,81.88253998016015
2018-04-09 22:00:00+00:00,90.09,80.69,82.51142378659802,83.23979182184269
2018-04-09 23:00:00+00:00,90.22,81.85,82.38115799530081,83.54350179727363
2018-04-10 00:00:00+00:00,92.34,82.58,82.6900457291836,84.10444026843432
2018-04-10 01:00:00+00:00,89.6,84.17,83.61296812788348,84.9911170168261
2018-04-10 02:00:00+00:00,83.44,84.1,83.51595124831988,84.71196765667457
2018-04-10 03:00:00+00:00,85.43,85.94,84.27942969484849,85.14693215802232
2018-04-10 04:00:00+00:00,85.38,90.09,86.31269372870335,87.47860697445833
2018-04-10 05:00:00+00:00,84.26,90.22,85.90020759794118,86.89381548415794
2018-04-10 06:00:00+00:00,86.21,92.34,87.18850675437291,88.7042040819704
2018-04-10 07:00:00+00:00,87.75,89.6,85.99312434399303,86.7974625193158
2018-04-10 08:00:00+00:00,88.92,83.44,84.07877879257757,84.42393757690893
2018-04-10 09:00:00+00:00,89.27,85.43,85.72756991209843,85.82617845669486
2018-04-10 10:00:00+00:00,90.88,85.38,86.0089702176308,85.72808467390192
2018-04-10 11:00:00+00:00,88.16,84.26,86.47797881325191,86.95809883558158
2018-04-10 12:00:00+00:00,85.21,86.21,88.49411996520203,89.4259472535147
2018-04-10 13:00:00+00:00,83.51,87.75,87.59786188782572,88.56680760099752
2018-04-10 14:00:00+00:00,84.03,88.92,86.09513327999532,88.22125679919787
2018-04-10 15:00:00+00:00,86.06,89.27,86.72445697032404,89.53847006379796
2018-04-10 16:00:00+00:00,87.39,90.88,87.52908158869009,90.81065556581298
2018-04-10 17:00:00+00:00,88.97,88.16,86.14858689834564,88.93052911483142
2018-04-10 18:00:00+00:00,92.63,85.21,86.51993939355359,89.49427093973345
2018-04-10 19:00:00+00:00,92.93,83.51,86.71051842072555,89.63897868021898
2018-04-10 20:00:00+00:00,95.47,84.03,87.09945992510326,90.03879225878028
2018-04-10 21:00:00+00:00,96.04,86.06,87.13387304164529,90.29618254994192
2018-04-10 22:00:00+00:00,96.13,87.39,87.5361984593641,91.1835816068797
2018-04-10 23:00:00+00:00,95.69,88.97,87.30988296446988,91.19417476770438
2018-04-11 00:00:00+00:00,95.37,92.63,88.3382454585313,92.46643289452444
2018-04-11 01:00:00+00:00,95.96,92.93,88.41173480897142,91.97319981496352
2018-04-11 02:00:00+00:00,98.4,95.47,90.52002826058205,94.07448626998291
2018-04-11 03:00:00+00:00,93.94,96.04,90.84702491696234,93.82987152461543
2018-04-11 04:00:00+00:00,92.03,96.13,91.35487390145312,94.61049411616293
2018-04-11 05:00:00+00:00,91.9,95.69,91.57956444268638,94.54918680343195
2018-04-11 06:00:00+00:00,92.11,95.37,92.1661340861947,95.17471365736363
2018-04-11 07:00:00+00:00,92.14,95.96,91.98889089515602,94.71705545922083
2018-04-11 08:00:00+00:00,93.23,98.4,92.78698444760352,95.92006960084368
2018-04-11 09:00:00+00:00,91.99,93.94,90.29443428878702,93.11127493599794
2018-04-11 10:00:00+00:00,92.08,92.03,90.65874481349717,93.26135942943364
2018-04-11 11:00:00+00:00,91.97,91.9,90.71554178301372,92.48419057258447
2018-04-11 12:00:00+00:00,89.89,92.11,90.60117370229358,91.65300542667421
2018-04-11 13:00:00+00:00,90.05,92.14,90.6005987250567,92.05938694255389
2018-04-11 14:00:00+00:00,91.29,93.23,91.14657872529415,93.05714593094694
2018-04-11 15:00:00+00:00,92.0,91.99,89.18034836424056,91.33710766907186
2018-04-11 16:00:00+00:00,91.8,92.08,89.07159023405991,91.27149256112706
2018-04-11 17:00:00+00:00,91.15,91.97,89.42179237796407,91.75397995755874
2018-04-11 18:00:00+00:00,91.15,89.89,88.88295551260666,91.3034248189686
2018-04-11 19:00:00+00:00,91.08,90.05,89.5316100665752,92.70749194737391
2018-04-11 20:00:00+00:00,90.75,91.29,89.62118085690754,92.70810743260567
2018-04-11 21:00:00+00:00,92.94,92.0,88.79391101742567,92.16914784922028
2018-04-11 22:00:00+00:00,95.73,91.8,88.43288584178782,92.41642372489183
2018-04-11 23:00:00+00:00,95.9,91.15,88.58649293159353,92.83758239927467
2018-04-12 00:00:00+00:00,96.73,91.15,88.77693681279513,92.57799795212986
2018-04-12 01:00:00+00:00,94.05,91.08,89.5680989087434,92.76835873119381
2018-04-12 02:00:00+00:00,92.94,90.75,90.29336984064165,93.08226768166617
2018-04-12 03:00:00+00:00,92.24,92.94,91.48160225730093,94.26983091478117
2018-04-12 04:00:00+00:00,90.95,95.73,91.74819078217891,94.47843102712037
2018-04-12 05:00:00+00:00,91.04,95.9,91.38691348365761,94.49153049056348
2018-04-12 06:00:00+00:00,91.1,96.73,91.61633945031733,94.6744091752776
2018-04-12 07:00:00+00:00,92.94,94.05,89.87540526753651,92.40042478889333
2018-04-12 08:00:00+00:00,92.67,92.94,89.50406396541894,91.79477062563369
2018-04-12 09:00:00+00:00,93.18,92.24,89.7817012998013,91.90266265185468
2018-04-12 10:00:00+00:00,91.91,90.95,90.0014901101862,91.53988216237316
2018-04-12 11:00:00+00:00,90.13,91.04,90.44193337011063,91.59084657767124
2018-04-12 12:00:00+00:00,88.63,91.1,90.76873830419122,91.61959207190968
2018-04-12 13:00:00+00:00,89.18,92.94,90.46541159143908,91.24913837750825
2018-04-12 14:00:00+00:00,89.37,92.67,89.67667993674712,91.15805275739318
2018-04-12 15:00:00+00:00,89.97,93.18,89.69964040976592,91.49674744477721
2018-04-12 16:00:00+00:00,90.37,91.91,88.78152489268402,91.17459928055591
2018-04-12 17:00:00+00:00,89.22,90.13,88.29157912409043,90.59470799554532
2018-04-12 18:00:00+00:00,89.45,88.63,88.10162544615672,91.0329497797366
2018-04-12 19:00:00+00:00,89.97,89.18,88.3859351252272,91.16369134434127
2018-04-12 20:00:00+00:00,89.68,89.37,87.93800794295234,91.27734204959313
2018-04-12 21:00:00+00:00,89.85,89.97,87.8530367469776,91.49750711247066
2018-04-12 22:00:00+00:00,91.61,90.37,87.46486519703143,91.63273053445972
2018-04-12 23:00:00+00:00,92.39,89.22,87.16082408277227,91.42876581641524
2018-04-13 00:00:00+00:00,92.02,89.45,87.85025486291788,91.45710469003978
2018-04-13 01:00:00+00:00,92.27,89.97,88.42025554691588,91.37855882334142
2018-04-13 02:00:00+00:00,92.44,89.68,88.66113227057244,91.37874482517674
2018-04-13 03:00:00+00:00,92.3,89.85,88.88265275367385,91.22197666980085
2018-04-13 04:00:00+00:00,89.25,91.61,89.25353129183456,91.64615516082874
2018-04-13 05:00:00+00:00,87.56,92.39,89.0395625472839,91.50760312640026
2018-04-13 06:00:00+00:00,87.23,92.02,89.21241796208714,91.3610937471969
2018-04-13 07:00:00+00:00,86.71,92.27,89.34033407728592,91.50243830421688
2018-04-13 08:00:00+00:00,88.59,92.44,89.1451220494831,91.50936117287334
2018-04-13 09:00:00+00:00,88.94,92.3,88.7971823763284,91.06044806986131
2018-04-13 10:00:00+00:00,89.69,89.25,88.19931120407466,90.28330368052684
2018-04-13 11:00:00+00:00,89.68,87.56,88.45961907748364,89.64898664203652
2018-04-13 12:00:00+00:00,89.15,87.23,88.69109742256397,89.5132681538945
2018-04-13 13:00:00+00:00,88.3,86.71,88.68622379671001,89.28690557586225
2018-04-13 14:00:00+00:00,87.73,88.59,89.69682595381643,91.0088962049276
2018-04-13 15:00:00+00:00,88.01,88.94,89.37928079376877,91.03139554590082
2018-04-13 16:00:00+00:00,90.35,89.69,88.82292014351887,91.15582797770902
2018-04-13 17:00:00+00:00,92.4,89.68,87.7475775223343,90.20911779635014
2018-04-13 18:00:00+00:00,90.42,89.15,87.54256470681818,90.64505811890506
2018-04-13 19:00:00+00:00,88.91,88.3,87.37885695212249,90.12211043350423
2018-04-13 20:00:00+00:00,87.94,87.73,87.68700360820739,90.52409094054447
2018-04-13 21:00:00+00:00,87.91,88.01,87.93677306841872,90.947025610523
2018-04-13 22:00:00+00:00,88.18,90.35,88.88373830640546,92.02816459367062
2018-04-13 23:00:00+00:00,90.14,92.4,89.33148768366915,93.07792704455905
2018-04-14 00:00:00+00:00,88.95,90.42,88.76774459871999,92.04574862923155
2018-04-14 01:00:00+00:00,88.43,88.91,88.59497677909138,91.09483758798568
2018-04-14 02:00:00+00:00,89.54,87.94,88.27009324259242,90.19509918399208
2018-04-14 03:00:00+00:00,89.23,87.91,88.30789347186649,89.7083716448877
2018-04-14 04:00:00+00:00,89.5,88.18,88.64475087434408,89.75586207927347
2018-04-14 05:00:00+00:00,90.03,90.14,89.4630634593401,90.7573076412067
2018-04-14 06:00:00+00:00,89.59,88.95,88.30307262815491,89.23108740055308
2018-04-14 07:00:00+00:00,89.61,88.43,87.4184681753033,88.34668532185422
2018-04-14 08:00:00+00:00,88.88,89.54,87.4927452743274,88.5416020141782
2018-04-14 09:00:00+00:00,88.09,89.23,87.57600656719792,88.64721535432628
2018-04-14 10:00:00+00:00,88.19,89.5,88.16965982488526,89.19339819090584
2018-04-14 11:00:00+00:00,88.83,90.03,88.9723107568991,90.09109786798976
2018-04-14 12:00:00+00:00,89.55,89.59,88.53607422296281,89.64119427223109
2018-04-14 13:00:00+00:00,89.5,89.61,88.6345657118726,89.88264988233517
2018-04-14 14:00:00+00:00,89.5,88.88,88.61641010066629,89.8179858901943
2018-04-14 15:00:00+00:00,89.91,88.09,88.33066213587905,89.73992073523715
2018-04-14 16:00:00+00:00,90.24,88.19,88.4267041685679,90.17397360729082
2018-04-14 17:00:00+00:00,90.36,88.83,88.94200415623024,91.38209097649352
2018-04-14 18:00:00+00:00,90.65,89.55,88.82966159286127,91.73874196072046
2018-04-14 19:00:00+00:00,91.71,89.5,88.52192588173793,91.88187665320474
2018-04-14 20:00:00+00:00,91.48,89.5,88.31589401846273,91.87597814716624
2018-04-14 21:00:00+00:00,91.21,89.91,88.34785658422648,91.96252545388809
2018-04-14 22:00:00+00:00,90.75,90.24,88.65431050095499,92.18072823061819
2018-04-14 23:00:00+00:00,90.02,90.36,89.13555039872058,92.58288856257667
2018-04-15 00:00:00+00:00,89.0,90.65,89.72527850396918,92.85726472206973
2018-04-15 01:00:00+00:00,88.53,91.71,90.1911541909012,93.0507496288101
2018-04-15 02:00:00+00:00,89.49,91.48,89.92197223457613,92.4228924339072
2018-04-15 03:00:00+00:00,88.95,91.21,89.87865609397282,91.90314422101217
2018-04-15 04:00:00+00:00,89.34,90.75,89.56581681813744,91.09500065107605
2018-04-15 05:00:00+00:00,90.25,90.02,89.20377713768804,90.4092711785538
2018-04-15 06:00:00+00:00,92.3,89.0,88.74393248701715,89.74573579789612
2018-04-15 07:00:00+00:00,93.89,88.53,88.62416718796561,89.22938893613905
2018-04-15 08:00:00+00:00,93.6,89.49,88.95275794892538,89.77174485737075
2018-04-15 09:00:00+00:00,92.31,88.95,88.50443327271941,89.20891365209195
2018-04-15 10:00:00+00:00,92.06,89.34,88.67061173963741,89.43923114099351
2018-04-15 11:00:00+00:00,89.84,90.25,88.79069796770573,89.57034490898681
2018-04-15 12:00:00+00:00,88.86,92.3,89.3824780748503,90.35200289232519
2018-04-15 13:00:00+00:00,90.01,93.89,89.69034864135133,91.1916649113173
2018-04-15 14:00:00+00:00,90.64,93.6,89.96924129291234,91.63122682470141
2018-04-15 15:00:00+00:00,90.66,92.31,89.22580249032939,90.48706626257061
2018-04-15 16:00:00+00:00,90.53,92.06,89.41731681132583,91.24401774106036
2018-04-15 17:00:00+00:00,89.89,89.84,88.79585288095721,90.50727093621025
2018-04-15 18:00:00+00:00,89.99,88.86,88.93348908615721,90.44169666717738
2018-04-15 19:00:00+00:00,89.95,90.01,89.83153015839208,92.29382332889543
2018-04-15 20:00:00+00:00,89.84,90.64,89.47803342311745,91.91565143523167
2018-04-15 21:00:00+00:00,89.3,90.66,88.80355373018389,91.93870927530733
2018-04-15 22:00:00+00:00,91.57,90.53,88.7615171439574,92.01691162969156
2018-04-15 23:00:00+00:00,89.94,89.89,88.55478909231553,91.68610081178147
2018-04-16 00:00:00+00:00,89.73,89.99,88.8398289284262,91.30059716563693
2018-04-16 01:00:00+00:00,91.27,89.95,89.54313120739766,91.70561880435368
2018-04-16 02:00:00+00:00,91.96,89.84,89.87631969207487,91.72460999286852
2018-04-16 03:00:00+00:00,92.42,89.3,89.52515295814939,90.85433562854631
2018-04-16 04:00:00+00:00,88.48,91.57,90.26429791706028,91.72326446354054
2018-04-16 05:00:00+00:00,83.1,89.94,89.2488682449082,90.64587177688384
2018-04-16 06:00:00+00:00,81.87,89.73,89.73292988004918,91.1131001723941
2018-04-16 07:00:00+00:00,83.07,91.27,89.78747473777563,90.79402376063527
2018-04-16 08:00:00+00:00,83.09,91.96,89.22897192971787,90.44086942180891
2018-04-16 09:00:00+00:00,84.1,92.42,88.72012211330718,89.77304147843874
2018-04-16 10:00:00+00:00,88.28,88.48,87.4570593487775,87.90599483668953
2018-04-16 11:00:00+00:00,91.03,83.1,86.24672315121889,85.9356395461186
2018-04-16 12:00:00+00:00,93.33,81.87,87.00558610778032,85.56440158701355
2018-04-16 13:00:00+00:00,93.82,83.07,87.34287543062347,85.0457866938369
2018-04-16 14:00:00+00:00,91.99,83.09,87.712978958777,87.04813496409525
2018-04-16 15:00:00+00:00,91.88,84.1,87.97600539785132,87.23869673410042
2018-04-16 16:00:00+00:00,91.22,88.28,87.29460447069977,87.1880257970804
2018-04-16 17:00:00+00:00,90.7,91.03,86.14215428041145,87.22395853431998
2018-04-16 18:00:00+00:00,96.25,93.33,86.87814477524438,88.46247743932244
2018-04-16 19:00:00+00:00,90.42,93.82,87.11752706667309,88.91606791605827
2018-04-16 20:00:00+00:00,90.01,91.99,87.46636847785153,89.4816228855327
2018-04-16 21:00:00+00:00,90.64,91.88,88.38729510734987,90.03885056011582
2018-04-16 22:00:00+00:00,93.22,91.22,88.71287068584037,90.64946791579729
2018-04-16 23:00:00+00:00,90.41,90.7,89.03593230079147,91.06478358810742
2018-04-17 00:00:00+00:00,88.37,96.25,91.38448729394055,93.43472722119307
2018-04-17 01:00:00+00:00,90.47,90.42,88.69739848417758,90.98870545468178
2018-04-17 02:00:00+00:00,88.31,90.01,89.60268766532614,90.83651943394047
2018-04-17 03:00:00+00:00,85.22,90.64,89.29697467321812,90.23666747605651
2018-04-17 04:00:00+00:00,83.2,93.22,89.81944856572991,90.9581699132683
2018-04-17 05:00:00+00:00,81.25,90.41,88.45624537214051,89.56215713397981
2018-04-17 06:00:00+00:00,81.0,88.37,89.48278887275745,90.69173036753385
2018-04-17 07:00:00+00:00,80.99,90.47,88.82694337278004,89.22288840491103
2018-04-17 08:00:00+00:00,81.01,88.31,86.77130166549185,86.36862040472015
2018-04-17 09:00:00+00:00,81.39,85.22,86.28063295173126,86.71535521085585
2018-04-17 10:00:00+00:00,83.54,83.2,87.02302907643674,86.68460536689227
2018-04-17 11:00:00+00:00,83.95,81.25,86.27173607686154,84.8780382445629
2018-04-17 12:00:00+00:00,83.79,81.0,85.96063684127807,83.91775579029814
2018-04-17 13:00:00+00:00,82.84,80.99,86.43173045738159,84.856367331748
2018-04-17 14:00:00+00:00,82.74,81.01,84.93828827720743,83.33885896180108
2018-04-17 15:00:00+00:00,82.36,81.39,83.65018464609877,82.19189661903702
2018-04-17 16:00:00+00:00,83.38,83.54,83.85704389900805,83.12275784025405
2018-04-17 17:00:00+00:00,85.25,83.95,83.72195276951439,83.43869150567967
2018-04-17 18:00:00+00:00,85.7,83.79,84.19918286860667,84.39940411018024
2018-04-17 19:00:00+00:00,85.52,82.84,84.48105772069148,85.12065610191459
2018-04-17 20:00:00+00:00,85.67,82.74,84.38765296241691,84.74432246378811
2018-04-17 21:00:00+00:00,85.38,82.36,84.12480590456202,85.08918072309778
2018-04-17 22:00:00+00:00,85.33,83.38,84.8344645247609,85.84626637046517
2018-04-17 23:00:00+00:00,85.4,85.25,85.21911284130205,86.48075581804642
2018-04-18 00:00:00+00:00,87.39,85.7,85.23475330454312,86.75688620260776
2018-04-18 01:00:00+00:00,86.54,85.52,85.30344394830654,86.36033431190063
2018-04-18 02:00:00+00:00,83.91,85.67,85.50158334496444,86.30701542071573
2018-04-18 03:00:00+00:00,83.95,85.38,85.34619301612996,85.54391519783894
2018-04-18 04:00:00+00:00,83.46,85.33,85.59291565810436,85.55908410043146
2018-04-18 05:00:00+00:00,84.09,85.4,86.08477792161311,86.03612878041164
2018-04-18 06:00:00+00:00,85.0,87.39,86.70256764310179,86.49769155996599
2018-04-18 07:00:00+00:00,85.9,86.54,85.01654080510166,84.09031083378072
2018-04-18 08:00:00+00:00,87.68,83.91,83.88452383744817,83.447906971992
2018-04-18 09:00:00+00:00,82.68,83.95,84.68871294763895,84.16450581045514
2018-04-18 10:00:00+00:00,79.94,83.46,84.4467900994194,82.72344211865966
2018-04-18 11:00:00+00:00,81.44,84.09,84.93018041449199,82.85734021561497
2018-04-18 12:00:00+00:00,84.38,85.0,85.96062922510977,84.02804012313682
2018-04-18 13:00:00+00:00,83.33,85.9,85.74424511419498,83.86760486970775
2018-04-18 14:00:00+00:00,82.84,87.68,85.08608119592455,83.4655262267032
2018-04-18 15:00:00+00:00,81.75,82.68,83.18526852632152,81.81997562245316
2018-04-18 16:00:00+00:00,81.74,79.94,82.8104389062376,80.94162498416061
2018-04-18 17:00:00+00:00,82.51,81.44,83.15707413019902,81.2584921607224
2018-04-18 18:00:00+00:00,83.05,84.38,84.11812916241385,82.99037022876018
2018-04-18 19:00:00+00:00,83.86,83.33,83.62404675642031,83.0188938006753
2018-04-18 20:00:00+00:00,84.72,82.84,84.08920891685779,83.8728528076313
2018-04-18 21:00:00+00:00,84.52,81.75,82.66066384079303,82.65285842469284
2018-04-18 22:00:00+00:00,83.67,81.74,82.20538360264263,81.9448661537623
2018-04-18 23:00:00+00:00,83.01,82.51,82.86307004144143,82.8800693092511
2018-04-19 00:00:00+00:00,84.54,83.05,83.98855964072706,84.16562732566496
2018-04-19 01:00:00+00:00,85.03,83.86,84.41389788098485,84.46847565697982
2018-04-19 02:00:00+00:00,81.02,84.72,84.68658948643755,84.43019089224578
2018-04-19 03:00:00+00:00,82.3,84.52,84.41507018237216,84.01562970998381
2018-04-19 04:00:00+00:00,84.29,83.67,84.19027353734062,83.56668534952888
2018-04-19 05:00:00+00:00,84.99,83.01,84.31646974133906,83.39269312638095
2018-04-19 06:00:00+00:00,82.44,84.54,84.80447445920669,83.50781785961595
2018-04-19 07:00:00+00:00,81.94,85.03,84.64400041674297,83.08436802506004
2018-04-19 08:00:00+00:00,83.44,81.02,83.08867626261878,81.53747091983682
2018-04-19 09:00:00+00:00,86.77,82.3,84.0279167081329,82.38276963522347
2018-04-19 10:00:00+00:00,82.54,84.29,84.1918153793843,81.97738475728362
2018-04-19 11:00:00+00:00,80.65,84.99,84.44931877473752,82.09206696602278
2018-04-19 12:00:00+00:00,78.67,82.44,84.41690668900868,82.20360513781202
2018-04-19 13:00:00+00:00,77.04,81.94,84.64818884711748,82.21974045115408
2018-04-19 14:00:00+00:00,75.07,83.44,83.60285926897751,80.98900539592255
2018-04-19 15:00:00+00:00,75.15,86.77,84.43259100654693,82.54027652991017
2018-04-19 16:00:00+00:00,80.07,82.54,83.03872314133952,81.550551597829
2018-04-19 17:00:00+00:00,82.92,80.65,83.27836835582139,81.43020853194959
2018-04-19 18:00:00+00:00,82.27,78.67,81.95330481463155,80.0570441346827
2018-04-19 19:00:00+00:00,82.62,77.04,81.37163899456534,79.36670996286057
2018-04-19 20:00:00+00:00,83.78,75.07,81.07411278886157,79.35534222664582
2018-04-19 21:00:00+00:00,83.42,75.15,81.71245004116014,80.07679736844563
2018-04-19 22:00:00+00:00,82.11,80.07,82.42772191822532,81.54468957332939
2018-04-19 23:00:00+00:00,81.21,82.92,82.48057463861666,82.22452311860111
2018-04-20 00:00:00+00:00,81.14,82.27,81.80278391578747,81.52421979480454
2018-04-20 01:00:00+00:00,81.72,82.62,82.26326088006562,82.15387012929135
2018-04-20 02:00:00+00:00,80.36,83.78,82.7252710800544,81.89178492621701
2018-04-20 03:00:00+00:00,79.18,83.42,82.84821293162656,81.47673616636949
2018-04-20 04:00:00+00:00,78.89,82.11,83.84448882702844,82.279999981047
2018-04-20 05:00:00+00:00,78.72,81.21,84.18458849187664,82.0983039230283
2018-04-20 06:00:00+00:00,78.67,81.14,83.7165344143086,81.41204824872102
2018-04-20 07:00:00+00:00,79.78,81.72,83.32042994906533,80.46708951800102
2018-04-20 08:00:00+00:00,79.44,80.36,82.63569425862983,80.13919045834633
2018-04-20 09:00:00+00:00,79.64,79.18,82.22174288688358,79.58217633885234
2018-04-20 10:00:00+00:00,80.04,78.89,82.2193969903529,79.1038610194886
2018-04-20 11:00:00+00:00,79.49,78.72,82.50161949545026,79.16061620748597
2018-04-20 12:00:00+00:00,79.63,78.67,82.77050570815278,79.08219761521963
2018-04-20 13:00:00+00:00,82.29,79.78,83.14519186587822,79.7734731484239
2018-04-20 14:00:00+00:00,84.38,79.44,82.2847678112385,79.43248948618927
2018-04-20 15:00:00+00:00,86.47,79.64,82.0089530717839,79.39026420888965
2018-04-20 16:00:00+00:00,86.02,80.04,81.81445580524772,79.52941126753915
2018-04-20 17:00:00+00:00,86.03,79.49,81.6731084400956,79.75937949328934
2018-04-20 18:00:00+00:00,85.97,79.63,81.81574898072492,80.09857432151402
2018-04-20 19:00:00+00:00,85.76,82.29,82.86653725651288,81.57616850639249
2018-04-20 20:00:00+00:00,85.57,84.38,83.10349675733424,82.40733359602459
2018-04-20 21:00:00+00:00,87.9,86.47,83.47417191592822,83.06259809829996
2018-04-20 22:00:00+00:00,88.94,86.02,83.06157591594612,83.27888874411032
2018-04-20 23:00:00+00:00,87.01,86.03,83.33170218494332,83.51847755903077
2018-04-21 00:00:00+00:00,84.06,85.97,84.07664524881656,84.01232223584398
2018-04-21 01:00:00+00:00,81.28,85.76,84.9933815048911,84.42155386414184
2018-04-21 02:00:00+00:00,79.44,85.57,85.64797645380325,84.84975459757906
2018-04-21 03:00:00+00:00,78.16,87.9,86.8717582018463,85.92836416082558
2018-04-21 04:00:00+00:00,76.54,88.94,86.62120125616192,85.53044521951847
2018-04-21 05:00:00+00:00,77.74,87.01,85.88989958808247,84.69844365494752
2018-04-21 06:00:00+00:00,78.72,84.06,85.14906366257746,83.11946403775823
2018-04-21 07:00:00+00:00,80.12,81.28,84.1815517081586,81.3988887507366
2018-04-21 08:00:00+00:00,82.1,79.44,83.433814848436,80.41287901244452
2018-04-21 09:00:00+00:00,84.47,78.16,83.61535630862655,80.66836755855071
2018-04-21 10:00:00+00:00,86.64,76.54,83.2522177710851,80.14734099953047
2018-04-21 11:00:00+00:00,88.31,77.74,83.12755745753951,79.865660326395
2018-04-21 12:00:00+00:00,89.39,78.72,82.58138921623623,79.7165386413292
2018-04-21 13:00:00+00:00,89.66,80.12,82.55334846227669,80.03812823502942
2018-04-21 14:00:00+00:00,88.85,82.1,82.72453138412803,80.41269632412651
2018-04-21 15:00:00+00:00,88.52,84.47,83.29140572575253,81.47993934187043
2018-04-21 16:00:00+00:00,88.71,86.64,83.69395662071096,82.32877690755019
2018-04-21 17:00:00+00:00,89.08,88.31,84.43275353688048,83.6005567565889
2018-04-21 18:00:00+00:00,89.85,89.39,84.8943605806447,84.43067617744711
2018-04-21 19:00:00+00:00,90.59,89.66,85.31066276948,85.22917285368021
2018-04-21 20:00:00+00:00,92.61,88.85,85.48334945226772,85.62077200427787
2018-04-21 21:00:00+00:00,94.35,88.52,85.94631160700038,86.18118829590405
2018-04-21 22:00:00+00:00,94.23,88.71,86.37484683862495,86.8897653427029
2018-04-21 23:00:00+00:00,91.73,89.08,86.7993409358265,87.46250024676775
2018-04-22 00:00:00+00:00,89.6,89.85,87.27592949390274,87.85381481826116
2018-04-22 01:00:00+00:00,85.15,90.59,87.58644367010609,88.11050012963778
2018-04-22 02:00:00+00:00,82.94,92.61,88.33117158478092,88.73484082250917
2018-04-22 03:00:00+00:00,81.5,94.35,88.93668433875045,89.41124950859061
2018-04-22 04:00:00+00:00,81.18,94.23,89.02759558358467,89.29495596792943
2018-04-22 05:00:00+00:00,80.82,91.73,88.64676714682888,88.7470119369845
2018-04-22 06:00:00+00:00,80.63,89.6,88.14636066996721,87.09330068763346
2018-04-22 07:00:00+00:00,81.52,85.15,86.40205071428899,84.6742553166602
2018-04-22 08:00:00+00:00,82.46,82.94,86.25059311194502,84.12169464907069
2018-04-22 09:00:00+00:00,83.57,81.5,85.7201236408194,82.85308878261931
2018-04-22 10:00:00+00:00,85.01,81.18,85.19211913946295,82.11756930051305
2018-04-22 11:00:00+00:00,85.76,80.82,84.53765854224751,81.6565086141186
2018-04-22 12:00:00+00:00,85.66,80.63,83.97990968634365,81.18357352560284
2018-04-22 13:00:00+00:00,84.52,81.52,83.22113586738048,80.64132285505082
2018-04-22 14:00:00+00:00,82.7,82.46,83.19708412745305,81.04854433969749
2018-04-22 15:00:00+00:00,82.22,83.57,83.54950692849914,81.83061217020662
2018-04-22 16:00:00+00:00,81.83,85.01,84.01574812563116,82.7416387295463
2018-04-22 17:00:00+00:00,82.54,85.76,84.45816336332328,83.80216620807228
2018-04-22 18:00:00+00:00,83.21,85.66,84.65449781330655,84.31929303600735
2018-04-22 19:00:00+00:00,84.61,84.52,84.588173618615,84.61950140529109
2018-04-22 20:00:00+00:00,85.82,82.7,84.2732452373931,84.36494652363928
2018-04-22 21:00:00+00:00,86.34,82.22,84.32279086202975,84.2906905900286
2018-04-22 22:00:00+00:00,86.39,81.83,84.31073326609257,84.55865342186262
2018-04-22 23:00:00+00:00,84.57,82.54,84.67993645523566,84.78684993587497
