model,RMSE_Ts_full,RMSE_Tr_full,RMSE_H_full,RMSE_q_full,RMSE_Ts_measured_nodes,RMSE_Tr_measured_nodes,RMSE_supply_measured_C,RMSE_return_measured_C,RMSE_load_or_return_proxy,heat_load_consistency_error_percent,heat_loss_error_percent,energy_balance_residual,thermal_residual_mean,hydraulic_residual_mean,boundary_residual_mean,thermal_delay_error,inference_time_ms,seed,window,checkpoint_retrained_on_second_window,normalization_source,sensor_layout
GRU-MSE,0.20191101729869843,0.7844699025154114,3.219735860824585,0.01180269569158554,0.20123831927776337,0.7656049728393555,0.20123831927776337,0.7656049728393555,0.7656049728393555,1.9475151300430298,0.4868835681318149,4.342045097461566,0.05819103121757507,2.4834296703338623,0.09339665621519089,0.20778049528598785,9.726366687876483,11,second_chronological_fixed_checkpoint,False,primary_window_training_only,S4_five_sensors
Transformer-MSE,0.19015230238437653,0.833754301071167,3.132565498352051,0.012881102040410042,0.17772966623306274,0.8285653591156006,0.17772966623306274,0.8285653591156006,0.8285653591156006,2.0270187854766846,0.5404668249980396,2.1255816515729604,0.06359879672527313,2.1259164810180664,0.02011100947856903,0.1528690606355667,7.317325003289928,11,second_chronological_fixed_checkpoint,False,primary_window_training_only,S4_five_sensors
Proposed PI-GNN-GRU-v3 accuracy_mode,0.19196413457393646,0.6433617472648621,1.9448424577713013,0.00626666285097599,0.19409991800785065,0.4290442168712616,0.19409991800785065,0.4290442168712616,0.4290442168712616,1.2703731060028076,0.39270516395732513,2.7047888157728326,0.04951557144522667,1.394787311553955,0.08814001083374023,0.20365850627422333,127.3943250416778,11,second_chronological_fixed_checkpoint,False,primary_window_training_only,S4_five_sensors
Proposed PI-GNN-GRU-v3 balanced_mode,0.1904458999633789,0.7972586154937744,3.7270326614379883,0.01043696142733097,0.18521209061145782,0.7490850687026978,0.18521209061145782,0.7490850687026978,0.7490850687026978,3.7571680545806885,0.5327432110068551,1.0188286859562248,0.039652854204177856,2.6606366634368896,0.12880179286003113,0.1201740950345993,89.09614170746256,11,second_chronological_fixed_checkpoint,False,primary_window_training_only,S4_five_sensors
GRU-MSE,0.1969093680381775,0.6628800630569458,2.317636251449585,0.006495991256088018,0.1936834454536438,0.6661852598190308,0.1936834454536438,0.6661852598190308,0.6661852598190308,1.0106990337371826,0.40145963118476585,3.892256199841214,0.06726754456758499,1.7381062507629395,0.04598009213805199,0.21798758208751678,5.482808356949438,22,second_chronological_fixed_checkpoint,False,primary_window_training_only,S4_five_sensors
Transformer-MSE,0.17473092675209045,0.7207204103469849,2.177560567855835,0.010024795308709145,0.16292552649974823,0.7213236093521118,0.16292552649974823,0.7213236093521118,0.7213236093521118,1.4477627277374268,0.4946292518106128,2.4839312041399593,0.06954950839281082,1.7908859252929688,0.015220936387777328,0.12556174397468567,6.453608337324113,22,second_chronological_fixed_checkpoint,False,primary_window_training_only,S4_five_sensors
Proposed PI-GNN-GRU-v3 accuracy_mode,0.18694528937339783,0.7278748750686646,1.8458526134490967,0.005145466420799494,0.18207943439483643,0.4952228367328644,0.18207943439483643,0.4952228367328644,0.4952228367328644,1.3085932731628418,0.5259124684983565,2.2107960195705356,0.05318066105246544,1.2726929187774658,0.10212147980928421,0.12769798934459686,69.36340001023684,22,second_chronological_fixed_checkpoint,False,primary_window_training_only,S4_five_sensors
Proposed PI-GNN-GRU-v3 balanced_mode,0.19072192907333374,0.7822903990745544,2.8950798511505127,0.007022032979875803,0.19340623915195465,0.6589109301567078,0.19340623915195465,0.6589109301567078,0.6589109301567078,2.2541491985321045,0.4936921373746842,1.0619251495708013,0.046302005648612976,2.2126998901367188,0.0952567309141159,0.17899025976657867,71.94288329143698,22,second_chronological_fixed_checkpoint,False,primary_window_training_only,S4_five_sensors
GRU-MSE,0.18811388313770294,0.6762505173683167,1.8507879972457886,0.006296924315392971,0.19361071288585663,0.6735382676124573,0.19361071288585663,0.6735382676124573,0.6735382676124573,0.9511063098907471,0.41391628308673123,4.295744551432009,0.06652096658945084,1.3110908269882202,0.06780466437339783,0.20907936990261078,4.722775018308312,33,second_chronological_fixed_checkpoint,False,primary_window_training_only,S4_five_sensors
Transformer-MSE,0.18284691870212555,0.7891700863838196,2.5877199172973633,0.011085442267358303,0.1727857142686844,0.7835911512374878,0.1727857142686844,0.7835911512374878,0.7835911512374878,2.2960119247436523,0.45263345816863554,3.3333234590994145,0.06758087873458862,1.9534531831741333,0.051791898906230927,0.13399381935596466,8.494016656186432,33,second_chronological_fixed_checkpoint,False,primary_window_training_only,S4_five_sensors
Proposed PI-GNN-GRU-v3 accuracy_mode,0.19119921326637268,0.5790199637413025,2.175581693649292,0.007412598468363285,0.18933945894241333,0.35950833559036255,0.18933945894241333,0.35950833559036255,0.35950833559036255,1.348022222518921,0.343505988362584,2.240939009358263,0.04595565050840378,1.6733049154281616,0.09481348842382431,0.175705224275589,103.06984170650442,33,second_chronological_fixed_checkpoint,False,primary_window_training_only,S4_five_sensors
Proposed PI-GNN-GRU-v3 balanced_mode,0.18607516586780548,0.7853551506996155,2.33681583404541,0.010997450910508633,0.1899290829896927,0.6973527669906616,0.1899290829896927,0.6973527669906616,0.6973527669906616,1.9852148294448853,0.49455090097311205,0.9760396090792786,0.03673077002167702,1.6400009393692017,0.0975317433476448,0.19772031903266907,91.75839998836939,33,second_chronological_fixed_checkpoint,False,primary_window_training_only,S4_five_sensors
GRU-MSE,0.19048963487148285,0.7343375086784363,2.229398727416992,0.006515714805573225,0.19383031129837036,0.755459725856781,0.19383031129837036,0.755459725856781,0.755459725856781,1.3407506942749023,0.4211592877070429,4.0067205000734205,0.0627683773636818,1.57987642288208,0.06576722860336304,0.2236858457326889,7.640550010061513,44,second_chronological_fixed_checkpoint,False,primary_window_training_only,S4_five_sensors
Transformer-MSE,0.2036350667476654,0.8385893702507019,2.527358293533325,0.009906800463795662,0.1950547844171524,0.8420957922935486,0.1950547844171524,0.8420957922935486,0.8420957922935486,0.747144341468811,0.5756269025975739,3.4881312823487907,0.06551432609558105,1.8149001598358154,0.03989534080028534,0.17249755561351776,9.59494999066616,44,second_chronological_fixed_checkpoint,False,primary_window_training_only,S4_five_sensors
Proposed PI-GNN-GRU-v3 accuracy_mode,0.20292679965496063,0.6631571054458618,2.2696073055267334,0.005466553382575512,0.19750702381134033,0.4122941195964813,0.19750702381134033,0.4122941195964813,0.4122941195964813,1.4657639265060425,0.4047590940110726,1.9028717477476285,0.04808427765965462,1.553706407546997,0.1010628491640091,0.18658538162708282,105.88405836218347,44,second_chronological_fixed_checkpoint,False,primary_window_training_only,S4_five_sensors
Proposed PI-GNN-GRU-v3 balanced_mode,0.18657442927360535,0.7351838946342468,2.60599684715271,0.009868176653981209,0.1863347887992859,0.6287841200828552,0.1863347887992859,0.6287841200828552,0.6287841200828552,3.248666286468506,0.45238391504401804,1.02523995339888,0.040044091641902924,1.7460750341415405,0.11640650033950806,0.15378473699092865,96.43826672496895,44,second_chronological_fixed_checkpoint,False,primary_window_training_only,S4_five_sensors
GRU-MSE,0.19346663355827332,0.8365169763565063,2.5465147495269775,0.007490071002393961,0.19746583700180054,0.8111221790313721,0.19746583700180054,0.8111221790313721,0.8111221790313721,1.5396358966827393,0.49560937133396493,4.860369315800239,0.05309004709124565,1.9056837558746338,0.0792682096362114,0.2229914516210556,8.69541671515132,55,second_chronological_fixed_checkpoint,False,primary_window_training_only,S4_five_sensors
Transformer-MSE,0.17868444323539734,0.7359758019447327,2.9505929946899414,0.011031433939933777,0.16678975522518158,0.7368650436401367,0.16678975522518158,0.7368650436401367,0.7368650436401367,1.6185663938522339,0.48697492670403547,2.5984828291210715,0.0641787201166153,2.082233190536499,0.02973402664065361,0.12691271305084229,7.258491648826748,55,second_chronological_fixed_checkpoint,False,primary_window_training_only,S4_five_sensors
Proposed PI-GNN-GRU-v3 accuracy_mode,0.19263698160648346,0.5751573443412781,2.865316152572632,0.004910801071673632,0.18791894614696503,0.371160089969635,0.18791894614696503,0.371160089969635,0.371160089969635,1.113181233406067,0.3361694072127456,2.7318783254828363,0.049946680665016174,2.0282018184661865,0.09642186760902405,0.17547115683555603,86.29655830251674,55,second_chronological_fixed_checkpoint,False,primary_window_training_only,S4_five_sensors
Proposed PI-GNN-GRU-v3 balanced_mode,0.18223200738430023,0.7389371395111084,2.0808396339416504,0.00926018226891756,0.17097100615501404,0.5822862982749939,0.17097100615501404,0.5822862982749939,0.5822862982749939,2.3633768558502197,0.4684409373643001,1.287113097566147,0.03851654380559921,1.58742356300354,0.09570558369159698,0.12807776033878326,106.98618328509231,55,second_chronological_fixed_checkpoint,False,primary_window_training_only,S4_five_sensors
