model,RMSE_Ts_full,RMSE_Tr_full,RMSE_H_full,RMSE_q_full,RMSE_Ts_measured_nodes,RMSE_Tr_measured_nodes,RMSE_supply_measured_C,RMSE_return_measured_C,RMSE_load_or_return_proxy,heat_load_consistency_error_percent,heat_loss_error_percent,energy_balance_residual,thermal_residual_mean,hydraulic_residual_mean,boundary_residual_mean,thermal_delay_error,inference_time_ms,loss_mode,architecture,training_time_s,parameter_count,sensor_layout,sensor_nodes,uses_real_xai4heat,worst_node_temperature_error_C,outlet_node_temperature_error_C,peak_period_error_C
Proposed PI-GNN-GRU-v3 balanced_mode,0.3440101146697998,1.6958787441253662,38.5809326171875,0.026560761034488678,0.4265018403530121,1.6284126043319702,0.4265018403530121,1.6284126043319702,1.6284126043319702,4.827358722686768,1.053044379416311,2.7191033891467336,0.05025232583284378,30.48658561706543,0.2820638418197632,0.3046934902667999,72.73733334538217,physics,pignn_v3,101.77159559982829,94600,S1_inlet_only,0,False,0.8561513423919678,0.8434869647026062,0.5044525265693665
Proposed PI-GNN-GRU-v3 balanced_mode,0.35042184591293335,1.7023595571517944,3.351534366607666,0.013156981207430363,0.4060136675834656,1.4773662090301514,0.4060136675834656,1.4773662090301514,1.4773662090301514,4.185634136199951,1.149633819489977,3.430519054681365,0.06778866797685623,2.6049344539642334,0.3167833685874939,0.2569868266582489,152.80052501475438,physics,pignn_v3,123.6980328001082,94600,S2_inlet_outlet,0;20,False,0.9022822380065918,0.7281904220581055,0.5197852849960327
Proposed PI-GNN-GRU-v3 balanced_mode,0.3407503068447113,1.5499662160873413,5.892184734344482,0.01483442448079586,0.38988545536994934,1.5078705549240112,0.38988545536994934,1.5078705549240112,1.5078705549240112,5.424530506134033,0.9397238177845834,2.273191247558743,0.04421590268611908,5.081167221069336,0.32267722487449646,0.2650829553604126,68.97314166417345,physics,pignn_v3,125.58910730015486,94600,S3_inlet_middle_outlet,0;10;20,False,0.7497248649597168,0.7460324764251709,0.5001853704452515
Proposed PI-GNN-GRU-v3 balanced_mode,0.3455604314804077,1.473645806312561,5.871373653411865,0.012056623585522175,0.35948482155799866,1.3902138471603394,0.35948482155799866,1.3902138471603394,1.3902138471603394,3.472407817840576,0.891286112005089,1.5318298696861612,0.04561558738350868,4.252700328826904,0.27134063839912415,0.2920767366886139,76.62127504590899,physics,pignn_v3,113.45957499998622,94600,S4_five_sensors,0;5;10;15;20,False,0.7319695353507996,0.7019729614257812,0.5075576901435852
Proposed PI-GNN-GRU-v3 balanced_mode,0.35410282015800476,1.447589635848999,2.6120235919952393,0.014564257115125656,0.39518648386001587,1.3321495056152344,0.39518648386001587,1.3321495056152344,1.3321495056152344,4.235642910003662,0.8562067649642745,2.27649441966575,0.04565580189228058,2.030078649520874,0.30214133858680725,0.2853736877441406,141.93037499596053,physics,pignn_v3,136.57487299991772,94600,S5_noisy_inlet_outlet,0;20,False,0.7235745787620544,0.6734127402305603,0.5203163027763367
Proposed PI-GNN-GRU-v3 balanced_mode,0.3521438241004944,1.4578653573989868,9.171485900878906,0.01217698771506548,0.35198304057121277,1.3844685554504395,0.35198304057121277,1.3844685554504395,1.3844685554504395,3.379490613937378,0.8956928058842925,2.750350705689048,0.05254960432648659,6.156373977661133,0.2881324887275696,0.2764858901500702,59.83651666125903,physics,pignn_v3,139.66092959977686,94600,S6_dropout_five_sensors,0;5;10;15;20,False,0.7808797359466553,0.7445188164710999,0.5068061947822571
Proposed PI-GNN-GRU-v3 balanced_mode,0.3412657082080841,1.3476195335388184,5.627422332763672,0.01684456132352352,0.3677450120449066,1.3257968425750732,0.3677450120449066,1.3257968425750732,1.3257968425750732,2.4387824535369873,0.8112331669718151,1.8742253003541174,0.03914136067032814,3.761733055114746,0.22686219215393066,0.285366415977478,47.43475837555403,physics,pignn_v3,96.31725799990818,94600,S7_xai4heat_substations,1;6;10;14;19,False,0.6860569715499878,0.6860564947128296,0.4906906187534332
Proposed PI-GNN-GRU-v3 balanced_mode,0.3709692060947418,1.3606849908828735,4.19753360748291,0.013677660375833511,0.39781033992767334,1.2641890048980713,0.39781033992767334,1.2641890048980713,1.2641890048980713,4.114433288574219,0.8404708300572445,2.9075933021074847,0.03907564654946327,3.3164830207824707,0.3201179802417755,0.26205602288246155,75.20535830796386,physics,pignn_v3,89.85512219998054,94600,S8_random_three_sensors,0;2;20,False,0.687894880771637,0.6438522338867188,0.5201835632324219
Proposed PI-GNN-GRU-v3 balanced_mode,0.341380774974823,1.432423710823059,5.964666843414307,0.011750360950827599,0.3758854866027832,1.3519737720489502,0.3758854866027832,1.3519737720489502,1.3519737720489502,4.244043827056885,0.8298142142034611,2.121250548371392,0.04511136934161186,4.71730375289917,0.29689928889274597,0.27044805884361267,285.3423583631714,physics,pignn_v3,140.91353169991635,94600,S9_optimized_three_sensors,0;10;20,False,0.7242910861968994,0.6828149557113647,0.5029190182685852
Proposed PI-GNN-GRU-v3 balanced_mode,0.3620810806751251,1.4254487752914429,5.682487487792969,0.015388325788080692,0.3773447573184967,1.3541555404663086,0.3773447573184967,1.3541555404663086,1.3541555404663086,4.41416597366333,0.8960735977961718,3.2283378046089717,0.02789008989930153,4.094451427459717,0.3299245238304138,0.2589063346385956,60.19969170059388,physics,pignn_v3,116.24143920000643,94600,S10_optimized_five_sensors,0;5;10;15;20,False,0.7377756834030151,0.6826022863388062,0.4956527650356293
Proposed PI-GNN-GRU-v3 balanced_mode,0.34040600061416626,1.4910353422164917,17.72286605834961,0.012542519718408585,0.347994863986969,1.331469178199768,0.347994863986969,1.331469178199768,1.331469178199768,2.804173469543457,0.8811898246469477,2.3854365595408535,0.051012709736824036,13.013102531433105,0.21533417701721191,0.28964751958847046,85.77300831287478,physics,pignn_v3,110.73254640004598,94600,S11_middle_only,10,False,0.7311778664588928,0.7263281941413879,0.4928955137729645
Proposed PI-GNN-GRU-v3 balanced_mode,0.36059075593948364,1.597043514251709,5.775154113769531,0.01663501188158989,0.38100627064704895,1.5057282447814941,0.38100627064704895,1.5057282447814941,1.5057282447814941,4.303289890289307,1.0590174325301605,4.285799893027085,0.04853658005595207,4.134115695953369,0.318091481924057,0.25522559881210327,95.33463333112498,physics,pignn_v3,122.41261989995837,94600,S12_inlet_two_middle_outlet,0;7;14;20,False,0.9416741132736206,0.7712686061859131,0.535631537437439
Proposed PI-GNN-GRU-v3 balanced_mode,0.3811768591403961,1.5261869430541992,32.914005279541016,0.017140915617346764,0.44582340121269226,1.3060557842254639,0.44582340121269226,1.3060557842254639,1.3060557842254639,2.961880922317505,0.9029191698031828,2.748176453816345,0.03497933968901634,25.208251953125,0.30641549825668335,0.305702269077301,97.6023666250209,physics,pignn_v3,100.8220081999898,94600,S13_noisy_inlet_only,0,False,0.7792553305625916,0.7775416970252991,0.5671424865722656
Proposed PI-GNN-GRU-v3 balanced_mode,0.3349377512931824,1.706717610359192,6.508265495300293,0.01853780634701252,0.32270190119743347,1.5402121543884277,0.32270190119743347,1.5402121543884277,1.5402121543884277,5.6036224365234375,1.1015004165196671,4.839199623145411,0.0515463761985302,4.468092441558838,0.22555583715438843,0.25886160135269165,56.04284167444954,physics,pignn_v3,97.47434030007571,94600,S14_outlet_only,20,False,0.8736546635627747,0.719548225402832,0.48082733154296875
Proposed PI-GNN-GRU-v3 balanced_mode,0.34658417105674744,1.648026466369629,3.4630508422851562,0.012020522728562355,0.38942861557006836,1.5891478061676025,0.38942861557006836,1.5891478061676025,1.5891478061676025,4.366208076477051,1.0556127468042782,2.0406747965631133,0.047657717019319534,2.9388184547424316,0.2986888289451599,0.2754526436328888,143.07962499636537,physics,pignn_v3,113.78252210002393,94600,S15_noisy_inlet_outlet_5pct,0;20,False,0.8342509269714355,0.791742205619812,0.5017036199569702
Proposed PI-GNN-GRU-v3 balanced_mode,0.34977349638938904,1.4716235399246216,6.530675888061523,0.01221846416592598,0.34570762515068054,1.4220722913742065,0.34570762515068054,1.4220722913742065,1.4220722913742065,3.17814564704895,0.8946153029042756,2.414682619200561,0.03708895295858383,4.62235164642334,0.2910354435443878,0.28767842054367065,206.2159500007207,physics,pignn_v3,120.71075149998069,94600,S16_peak_dropout_five_sensors,0;5;10;15;20,False,0.7809754014015198,0.7167896032333374,0.5005691647529602
Proposed PI-GNN-GRU-v3 balanced_mode,0.3856685757637024,1.4297009706497192,1.7148354053497314,0.017365500330924988,0.40324297547340393,1.435327172279358,0.40324297547340393,1.435327172279358,1.435327172279358,5.92779541015625,0.8904054357038843,2.5618263882585803,0.04899921268224716,1.3197733163833618,0.2983178496360779,0.3019666075706482,232.0732333464548,physics,pignn_v3,130.8998233000748,94600,S17_optimized_two_sensors,0;20,False,0.7156647443771362,0.6920387744903564,0.5871849060058594
