quantity,interval,method,calibration_factor,mean_interval_width,normalized_interval_width,unit,coverage,measured_node_coverage,unmeasured_node_coverage,width_error_correlation,state_type,safe_claim
supply_temperature,80%,raw_ensemble_residual,1.2816,1.1228367673143562,4.862531126770565,C,94.14355485784057,95.1098901098901,93.8415750915751,0.38323544342405863,virtual_sensor_estimate,Intervals are operational confidence bands; conformal calibration reports empirical coverage and sharpness without claiming perfect probabilistic calibration.
supply_temperature,80%,conformal_calibrated,0.8233727228118294,0.7213741934900546,3.1239665212284273,C,79.99738356881214,80.47619047619048,79.84775641025641,0.3832354434240589,virtual_sensor_estimate,Intervals are operational confidence bands; conformal calibration reports empirical coverage and sharpness without claiming perfect probabilistic calibration.
supply_temperature,90%,raw_ensemble_residual,1.6449,1.4411315531799191,6.2409312191205535,C,97.24838653410082,97.87545787545787,97.05242673992674,0.3832354434240592,virtual_sensor_estimate,Intervals are operational confidence bands; conformal calibration reports empirical coverage and sharpness without claiming perfect probabilistic calibration.
supply_temperature,90%,conformal_calibrated,1.0736080453268666,0.9406106327851933,4.07338681207334,C,89.99651142508286,91.28205128205128,89.59478021978022,0.38323544342405896,virtual_sensor_estimate,Intervals are operational confidence bands; conformal calibration reports empirical coverage and sharpness without claiming perfect probabilistic calibration.
supply_temperature,95%,raw_ensemble_residual,1.96,1.7171973033209567,7.436455218843872,C,98.40397697540556,98.58974358974359,98.3459249084249,0.3832354434240589,virtual_sensor_estimate,Intervals are operational confidence bands; conformal calibration reports empirical coverage and sharpness without claiming perfect probabilistic calibration.
supply_temperature,95%,conformal_calibrated,1.3519779304330177,1.184496355249503,5.129552722719567,C,94.99825571254142,96.0989010989011,94.65430402930403,0.38323544342405885,virtual_sensor_estimate,Intervals are operational confidence bands; conformal calibration reports empirical coverage and sharpness without claiming perfect probabilistic calibration.
return_temperature,80%,raw_ensemble_residual,1.2816,4.302564438553578,3.9537857796795017,C,84.3886272457701,95.58608058608058,80.88942307692307,-0.034629690539306666,virtual_sensor_estimate,Intervals are operational confidence bands; conformal calibration reports empirical coverage and sharpness without claiming perfect probabilistic calibration.
return_temperature,80%,conformal_calibrated,1.1770992268285518,3.951736324907489,3.6313968354451185,C,79.99738356881214,92.32600732600733,76.14468864468864,-0.034629690539306764,virtual_sensor_estimate,Intervals are operational confidence bands; conformal calibration reports empirical coverage and sharpness without claiming perfect probabilistic calibration.
return_temperature,90%,raw_ensemble_residual,1.6449,5.522228655568648,5.074580390913555,C,93.09262166405023,98.9010989010989,91.27747252747253,-0.03462969053930669,virtual_sensor_estimate,Intervals are operational confidence bands; conformal calibration reports empirical coverage and sharpness without claiming perfect probabilistic calibration.
return_temperature,90%,conformal_calibrated,1.4500575434707008,4.868107069595347,4.473483844484588,C,89.99651142508286,97.65567765567765,87.60302197802197,-0.03462969053930667,virtual_sensor_estimate,Intervals are operational confidence bands; conformal calibration reports empirical coverage and sharpness without claiming perfect probabilistic calibration.
return_temperature,95%,raw_ensemble_residual,1.96,6.580076700659341,6.046676129971772,C,97.39665096807954,99.76190476190476,96.65750915750915,-0.03462969053930676,virtual_sensor_estimate,Intervals are operational confidence bands; conformal calibration reports empirical coverage and sharpness without claiming perfect probabilistic calibration.
return_temperature,95%,conformal_calibrated,1.7887634225006275,6.0052043466265514,5.518404637245488,C,94.99825571254142,99.35897435897436,93.63553113553114,-0.03462969053930671,virtual_sensor_estimate,Intervals are operational confidence bands; conformal calibration reports empirical coverage and sharpness without claiming perfect probabilistic calibration.
head,80%,raw_ensemble_residual,1.2816,16.27650390140373,11.591539878695993,m,99.68166753881039,100.0,99.58218864468864,0.4535652235948989,simulator_assisted_hidden_state,Intervals are operational confidence bands; conformal calibration reports empirical coverage and sharpness without claiming perfect probabilistic calibration.
head,80%,conformal_calibrated,0.3334928593355129,4.235407167653527,3.016304446198464,m,79.99738356881214,85.54945054945054,78.26236263736264,0.45356522359489904,simulator_assisted_hidden_state,Intervals are operational confidence bands; conformal calibration reports empirical coverage and sharpness without claiming perfect probabilistic calibration.
head,90%,raw_ensemble_residual,1.6449,20.8904660326303,14.877437536257053,m,99.93022850165707,100.0,99.9084249084249,0.45356522359489876,simulator_assisted_hidden_state,Intervals are operational confidence bands; conformal calibration reports empirical coverage and sharpness without claiming perfect probabilistic calibration.
head,90%,conformal_calibrated,0.43208005339357675,5.487478678822786,3.907984682974983,m,89.99651142508286,94.9084249084249,88.46153846153845,0.453565223594899,simulator_assisted_hidden_state,Intervals are operational confidence bands; conformal calibration reports empirical coverage and sharpness without claiming perfect probabilistic calibration.
head,95%,raw_ensemble_residual,1.96,24.89228124746512,17.727386206495115,m,99.97819640676784,100.0,99.97138278388277,0.453565223594899,simulator_assisted_hidden_state,Intervals are operational confidence bands; conformal calibration reports empirical coverage and sharpness without claiming perfect probabilistic calibration.
head,95%,conformal_calibrated,0.5225453126800518,6.636400452947169,4.726205391976035,m,94.99825571254142,98.11355311355311,94.02472527472527,0.45356522359489876,simulator_assisted_hidden_state,Intervals are operational confidence bands; conformal calibration reports empirical coverage and sharpness without claiming perfect probabilistic calibration.
flow,80%,raw_ensemble_residual,1.2816,0.049684054577672124,6.542393407185911,m3/s,98.19030176173034,98.992673992674,97.93956043956044,0.10284231788702505,simulator_assisted_hidden_state,Intervals are operational confidence bands; conformal calibration reports empirical coverage and sharpness without claiming perfect probabilistic calibration.
flow,80%,conformal_calibrated,0.6421258592309748,0.02489342715025465,3.2779650343448177,m3/s,79.99738356881214,87.67399267399267,77.59844322344323,0.10284231788702503,simulator_assisted_hidden_state,Intervals are operational confidence bands; conformal calibration reports empirical coverage and sharpness without claiming perfect probabilistic calibration.
flow,90%,raw_ensemble_residual,1.6449,0.06376818147223227,8.396990414700458,m3/s,99.14965986394559,99.57875457875458,99.01556776556777,0.10284231788702496,simulator_assisted_hidden_state,Intervals are operational confidence bands; conformal calibration reports empirical coverage and sharpness without claiming perfect probabilistic calibration.
flow,90%,conformal_calibrated,0.830964254766305,0.032214164626953604,4.241959318032325,m3/s,89.99651142508286,94.79853479853479,88.49587912087912,0.10284231788702486,simulator_assisted_hidden_state,Intervals are operational confidence bands; conformal calibration reports empirical coverage and sharpness without claiming perfect probabilistic calibration.
flow,95%,raw_ensemble_residual,1.96,0.0759837289109218,10.005532988517782,m3/s,99.54212454212454,99.78021978021978,99.46771978021978,0.10284231788702498,simulator_assisted_hidden_state,Intervals are operational confidence bands; conformal calibration reports empirical coverage and sharpness without claiming perfect probabilistic calibration.
flow,95%,conformal_calibrated,0.9975190955170329,0.038671030886343945,5.092199090240864,m3/s,94.99825571254142,97.28937728937728,94.28228021978022,0.10284231788702503,simulator_assisted_hidden_state,Intervals are operational confidence bands; conformal calibration reports empirical coverage and sharpness without claiming perfect probabilistic calibration.
heat_loss,80%,raw_ensemble_residual,1.2816,107.4172178665253,4.179937074026191,kW,79.67032967032966,,,-0.3874093382147979,calibrated_simulator,Intervals are operational confidence bands; conformal calibration reports empirical coverage and sharpness without claiming perfect probabilistic calibration.
heat_loss,80%,conformal_calibrated,1.2909218339549,108.19852675295559,4.210340225825506,kW,79.94505494505495,,,-0.3874093382147979,calibrated_simulator,Intervals are operational confidence bands; conformal calibration reports empirical coverage and sharpness without claiming perfect probabilistic calibration.
heat_loss,90%,raw_ensemble_residual,1.6449,137.86718294994338,5.364839648147378,kW,95.87912087912088,,,-0.38740933821479784,calibrated_simulator,Intervals are operational confidence bands; conformal calibration reports empirical coverage and sharpness without claiming perfect probabilistic calibration.
heat_loss,90%,conformal_calibrated,1.5162424404020567,127.08375823902912,4.945223150630855,kW,89.92673992673993,,,-0.38740933821479806,calibrated_simulator,Intervals are operational confidence bands; conformal calibration reports empirical coverage and sharpness without claiming perfect probabilistic calibration.
heat_loss,95%,raw_ensemble_residual,1.96,164.27726827277593,6.3925379721374345,kW,99.72527472527473,,,-0.3874093382147977,calibrated_simulator,Intervals are operational confidence bands; conformal calibration reports empirical coverage and sharpness without claiming perfect probabilistic calibration.
heat_loss,95%,conformal_calibrated,1.6043578360793818,134.4691442056851,5.232611422466168,kW,94.96336996336996,,,-0.387409338214798,calibrated_simulator,Intervals are operational confidence bands; conformal calibration reports empirical coverage and sharpness without claiming perfect probabilistic calibration.
